year,PM25,PM10,SO2,NO2,CO,O3
2013,80.54552114877406,103.87256311140261,20.117520188671346,52.184598123055025,1195.99387376324,57.14406437711941
2014,84.79888171283798,115.7341965361133,20.390401628109814,54.68306371225651,1246.1986543173985,58.06357623458072
2015,79.17350942789369,103.19553632452862,13.097469143247697,48.262124592932096,1263.5870220721265,59.39317734089173
2016,71.78418366313572,94.88421809491017,9.909768496951775,46.734125939278556,1147.1279849310351,57.60436878455836
2017,90.98296059637913,108.9190001879346,18.04936415460753,56.621311783499344,1586.8069911670739,40.300006264486626
